dataset,fit_time_sec,labels,probabilities
neuroblastoma,0.0030350000015459955,6 6 10 6 0 0 6 6 0 10 6 6 9 10 0 -1 10 11 0 6 6 -1 -1 11 0 0 9 -1 6 9 0 0 -1 9 10 -1 11 6 11 6 9 -1 9 10 10 -1 6 0 9 10 -1 -1 10 0 -1 -1 11 -1 10 6 -1 10 9 10 6 6 9 9 -1 6 10 10 11 9 6 5 4 7 4 -1 8 4 7 5 -1 7 -1 7 4 -1 5 8 4 7 -1 4 -1 -1 8 8 5 -1 5 0 -1 8 -1 -1 5 7 -1 3 3 -1 3 -1 -1 -1 -1 3 3 3 3 -1 3 -1 -1 3 -1 -1 -1 -1 0 -1 -1 -1 -1 10 10 -1 -1 -1 -1 2 -1 -1 3 -1 2 2 2 -1 -1 1 2 2 -1 -1 1 2 1 1 2 1 -1 -1 1 1 -1,0.8327811973178038 1.0 1.0 0.8327811973178038 1.0 0.8115200483064393 1.0 1.0 1.0 0.1636806064933579 1.0 1.0 1.0 0.24000000000000005 0.818080419534578 0.0 0.1636806064933579 1.0 0.9928119249850806 0.8327811973178038 1.0 0.0 0.0 1.0 1.0 1.0 0.9167912075141835 0.0 0.8897894952524139 0.7800867631100191 1.0 0.6695644560129156 0.0 1.0 0.6666666666666666 0.0 1.0 1.0 1.0 1.0 1.0 0.0 0.834674242221662 0.1636806064933579 0.7499999999999999 0.0 1.0 1.0 1.0 0.7499999999999999 0.0 0.0 1.0 1.0 0.0 0.0 1.0 0.0 1.0 1.0 0.0 0.1636806064933579 1.0 1.0 1.0 0.8327811973178038 0.9167912075141835 0.9167912075141835 0.0 0.9111803240170685 1.0 1.0 1.0 1.0 1.0 1.0 1.0 1.0 0.3001623193417876 0.0 1.0 1.0 1.0 1.0 0.0 1.0 0.0 1.0 1.0 0.0 1.0 1.0 1.0 1.0 0.0 1.0 0.0 0.0 1.0 1.0 1.0 0.0 1.0 0.7266500042635298 0.0 1.0 0.0 0.0 1.0 1.0 0.0 1.0 1.0 0.0 0.9001030378204009 0.0 0.0 0.0 0.0 1.0 0.9001030378204009 1.0 0.9001030378204009 0.0 1.0 0.0 0.0 0.9001030378204009 0.0 0.0 0.0 0.0 0.6162838085162429 0.0 0.0 0.0 0.0 0.15901544272072082 0.15901544272072082 0.0 0.0 0.0 0.0 1.0 0.0 0.0 0.8984966571121591 0.0 1.0 1.0 0.3483411436221447 0.0 0.0 1.0 0.3483411436221447 1.0 0.0 0.0 1.0 1.0 1.0 0.9015271470500826 0.3823946250393301 0.9015271470500826 0.0 0.0 1.0 1.0 0.0
