dataset,fit_time_sec,labels,probabilities
type1diabetes,0.0018617000023368746,0 1 0 0 1 0 0 1 0 1 1 0 1 1 -1 0 1 1 0 0 0 0 0 1 0 0 0 0 0 0 0 0 0 0 0 1 0 0 0 0 0 1 0 0 0 0 0 1 0 0 0 0 0 0 0 0 0 1 0 0 0 -1 -1 0 1 1 0,0.5945254789361413 0.9334753134302097 0.9918935744240664 0.7305024035908102 1.0 1.0 0.7900869593064613 0.8167965489948944 0.8308622377224436 0.7863053438396902 0.8611333411383527 1.0 1.0 1.0 0.0 0.6891237214072239 0.7863053438396902 0.9827157526064217 1.0 0.8059482801539197 1.0 0.6877028638737954 1.0 0.9926998151394824 1.0 1.0 0.8810378142619416 1.0 0.8347033567824219 0.9239643917330713 1.0 0.8154098701492276 1.0 0.920189867378812 0.6655432171580259 0.9827157526064217 0.6891237214072239 0.6865283702169632 0.8238680409245441 0.6487407947208548 0.6891237214072239 1.0 0.8273439061561708 1.0 1.0 1.0 0.8397191848479248 0.8626222717090593 0.6865283702169632 0.8474061745230157 0.7641834861101136 0.6700732599741308 1.0 0.8810378142619416 0.7979058927222431 1.0 1.0 0.8165512155547863 0.783056270732305 0.6732196361715335 0.653688813903243 0.0 0.0 0.6080333134879826 0.8426171387563901 1.0 1.0
