dataset,fit_time_sec,labels,probabilities
neuroblastoma,0.003000020980834961,5 5 11 5 0 0 5 5 0 11 5 5 7 11 0 -1 11 10 0 5 5 -1 5 10 0 0 7 -1 5 7 0 0 -1 7 11 5 10 5 10 5 7 -1 7 11 11 -1 5 0 7 11 -1 5 11 0 -1 -1 10 -1 11 5 -1 11 7 11 5 5 7 7 -1 5 11 11 10 7 5 6 4 8 4 -1 9 4 8 6 -1 8 -1 8 4 -1 6 9 4 8 -1 4 -1 -1 9 9 6 -1 6 0 -1 9 -1 -1 6 8 -1 3 3 -1 3 -1 -1 -1 -1 3 3 3 3 -1 3 -1 -1 3 -1 -1 -1 -1 0 -1 -1 -1 -1 11 11 -1 -1 -1 -1 1 -1 -1 3 -1 1 1 1 -1 -1 2 1 1 -1 -1 2 1 2 2 1 2 -1 -1 2 2 -1,0.8327811973178039 1.0 1.0 0.8327811973178039 1.0 0.8115200483064394 1.0 1.0 1.0 0.16368060649335744 1.0 1.0 1.0 0.2399999999999993 0.8180804195345774 0.0 0.16368060649335744 1.0 0.9928119249850798 0.8327811973178039 1.0 0.0 0.8262643072394205 1.0 1.0 1.0 0.9167912075141833 0.0 0.889789495252414 0.7800867631100187 1.0 0.6695644560129159 0.0 1.0 0.6666666666666647 0.8262643072394205 1.0 1.0 1.0 1.0 1.0 0.0 0.8346742422216613 0.16368060649335744 0.7499999999999961 0.0 1.0 1.0 1.0 0.7499999999999961 0.0 0.8262643072394205 1.0 1.0 0.0 0.0 1.0 0.0 1.0 1.0 0.0 0.16368060649335744 1.0 1.0 1.0 0.8327811973178039 0.9167912075141833 0.9167912075141833 0.0 0.9111803240170684 1.0 1.0 1.0 1.0 1.0 1.0 1.0 1.0 0.3001623193417885 0.0 1.0 1.0 1.0 1.0 0.0 1.0 0.0 1.0 1.0 0.0 1.0 1.0 1.0 1.0 0.0 1.0 0.0 0.0 1.0 1.0 1.0 0.0 1.0 0.7266500042635301 0.0 1.0 0.0 0.0 1.0 1.0 0.0 1.0 1.0 0.0 0.9001030378204015 0.0 0.0 0.0 0.0 1.0 0.9001030378204015 1.0 0.9001030378204015 0.0 1.0 0.0 0.0 0.9001030378204015 0.0 0.0 0.0 0.0 0.6162838085162429 0.0 0.0 0.0 0.0 0.15901544272072038 0.15901544272072038 0.0 0.0 0.0 0.0 1.0 0.0 0.0 0.8984966571121593 0.0 1.0 1.0 0.3483411436221464 0.0 0.0 1.0 0.3483411436221464 1.0 0.0 0.0 1.0 1.0 1.0 0.901527147050082 0.38239462503933236 0.901527147050082 0.0 0.0 1.0 1.0 0.0
