dataset,fit_time_sec,labels,probabilities
type1diabetes,0.0,1 0 1 1 0 1 1 0 1 0 0 1 0 0 -1 1 0 0 1 1 1 1 1 0 1 1 1 1 1 1 1 1 1 1 1 0 1 1 1 1 1 0 1 1 1 1 1 0 1 1 1 1 1 1 1 1 1 0 1 1 1 -1 -1 1 0 0 1,0.5945254789361413 0.9334753134302098 0.9918935744240669 0.7305024035908103 1.0 1.0 0.7900869593064614 0.8167965489948944 0.8308622377224435 0.78630534383969 0.8611333411383527 1.0 1.0 1.0 0.0 0.6891237214072238 0.78630534383969 0.9827157526064217 1.0 0.8059482801539198 1.0 0.6877028638737955 1.0 0.9926998151394825 1.0 1.0 0.8810378142619417 1.0 0.834703356782422 0.9239643917330717 1.0 0.8154098701492275 1.0 0.9201898673788121 0.665543217158026 0.9827157526064217 0.6891237214072238 0.6865283702169633 0.823868040924544 0.6487407947208549 0.6891237214072238 1.0 0.8273439061561707 1.0 1.0 1.0 0.8397191848479252 0.8626222717090595 0.6865283702169633 0.8474061745230155 0.7641834861101138 0.6700732599741306 1.0 0.8810378142619417 0.7979058927222435 1.0 1.0 0.816551215554786 0.7830562707323052 0.6732196361715337 0.6536888139032431 0.0 0.0 0.6080333134879828 0.84261713875639 1.0 1.0
