dataset,fit_time_sec,labels,probabilities
neuroblastoma,0.0029231000007712282,0 0 0 0 1 1 0 0 1 0 0 0 0 0 1 0 0 0 1 0 0 0 0 0 1 1 0 0 0 0 1 -1 0 0 0 0 0 0 0 0 0 0 0 0 0 0 0 1 0 0 0 0 0 1 0 0 0 -1 0 0 0 0 0 0 0 0 0 0 0 0 0 0 0 0 0 0 0 0 0 0 0 0 0 0 0 0 0 0 0 0 0 0 0 0 0 0 -1 0 0 0 0 0 0 1 -1 0 0 0 0 0 0 0 0 0 0 0 0 0 0 0 0 0 0 0 0 0 -1 0 0 0 0 0 -1 -1 0 0 0 0 0 0 0 -1 0 0 0 0 0 0 0 0 0 0 0 0 0 0 0 0 0 0 0 0 0 0 0 0 0 0 0,1.0 1.0 1.0 1.0 1.0 1.0 1.0 1.0 1.0 1.0 1.0 1.0 1.0 1.0 1.0 1.0 1.0 1.0 1.0 1.0 1.0 1.0 1.0 1.0 1.0 1.0 1.0 0.9821921171440908 1.0 0.9979974261509164 1.0 0.0 1.0 1.0 1.0 1.0 1.0 1.0 1.0 1.0 1.0 0.7398220086517289 1.0 1.0 1.0 1.0 1.0 1.0 1.0 1.0 1.0 1.0 1.0 1.0 0.9525352249758093 1.0 1.0 0.0 1.0 1.0 1.0 1.0 1.0 1.0 1.0 1.0 1.0 1.0 0.8905574094070822 1.0 1.0 1.0 1.0 1.0 1.0 1.0 1.0 1.0 1.0 1.0 1.0 1.0 1.0 1.0 0.9315949778102024 1.0 0.8963726364696223 1.0 1.0 1.0 1.0 1.0 1.0 1.0 0.8601602358677116 1.0 0.0 0.9712445427581469 1.0 1.0 1.0 0.8468946646397382 1.0 0.9279432915713907 0.0 1.0 0.8324162827400278 0.9397146775387889 1.0 1.0 1.0 1.0 0.9278092653579263 1.0 0.9360766212132019 0.9270945253902841 1.0 1.0 0.8579549029532778 1.0 1.0 1.0 1.0 1.0 1.0 0.9570238076595017 0.0 1.0 1.0 0.853358086016068 1.0 0.926701981802113 0.0 0.0 0.7572035532201831 0.820798200660177 0.9634799282590918 1.0 1.0 0.9329236305226533 0.7450643676696392 0.0 0.8527672583618314 1.0 0.8388577153936646 0.7559068465694421 1.0 0.861457428252646 1.0 1.0 1.0 0.8153404727175153 0.8491042307668454 0.9396612652285252 1.0 1.0 0.8765057669572645 0.8857229770784217 1.0 1.0 1.0 0.9396612652285252 1.0 0.9029985549406037 0.9379659928228216 0.8315641303907843 1.0 1.0 0.9525352249758093
