dataset,fit_time_sec,labels,probabilities
neuroblastoma,0.003000020980834961,4 4 5 4 0 0 4 4 0 5 4 4 6 5 0 -1 5 5 0 4 4 -1 4 5 0 0 6 5 4 -1 0 -1 -1 6 5 4 5 4 5 4 6 -1 6 5 5 5 4 0 6 5 -1 4 5 0 -1 -1 5 -1 5 4 5 5 6 5 4 4 6 6 -1 4 5 5 5 6 4 2 2 2 2 2 2 2 2 2 -1 2 -1 2 2 2 2 2 2 2 -1 2 -1 -1 2 2 2 -1 2 0 -1 2 -1 2 2 2 2 3 3 -1 -1 -1 -1 -1 -1 3 3 3 3 -1 3 -1 -1 3 2 -1 2 -1 -1 -1 -1 -1 2 5 5 -1 -1 -1 -1 1 -1 -1 3 -1 1 1 1 -1 -1 1 1 1 1 -1 1 1 1 1 1 1 -1 1 1 1 -1,0.7635893495460823 1.0 1.0 0.7596440791930806 1.0 0.7395231160604929 1.0 0.9164188917279391 1.0 0.1636806064933585 1.0 1.0 1.0 0.17647058823529463 0.7737713340004765 0.0 0.1636806064933585 0.15008115967089425 0.8850002145056918 0.7635893495460823 1.0 0.0 0.7576139170170537 0.15008115967089425 1.0 1.0 0.9391259908565488 0.13678653240315947 0.7850928694988376 0.0 1.0 0.0 0.0 1.0 0.40000000000000135 0.7576139170170537 0.1500342305632098 0.9169147334322957 0.14272491664258394 0.9169147334322957 1.0 0.0 0.8343729830739742 0.1636806064933585 0.6666666666666691 0.13678653240315947 1.0 1.0 1.0 0.7500000000000009 0.0 0.7576139170170537 1.0 1.0 0.0 0.0 0.15008115967089425 0.0 1.0 0.9911874291591668 0.13678653240315947 0.1636806064933585 1.0 1.0 0.9169147334322957 0.7635893495460823 0.9426361639712573 0.9254674838098605 0.0 0.8303148357716357 1.0 1.0 0.15008115967089425 1.0 0.9169147334322957 0.993810617333717 1.0 1.0 1.0 0.9899032268433604 1.0 1.0 1.0 1.0 0.0 1.0 0.0 1.0 1.0 1.0 1.0 1.0 1.0 1.0 0.0 1.0 0.0 0.0 1.0 1.0 1.0 0.0 1.0 0.6777341796815123 0.0 1.0 0.0 1.0 1.0 1.0 1.0 1.0 1.0 0.0 0.0 0.0 0.0 0.0 0.0 1.0 0.9935794488094628 1.0 1.0 0.0 1.0 0.0 0.0 0.9935794488094628 0.9772273685803328 0.0 0.9772273685803328 0.0 0.0 0.0 0.0 0.0 0.9676896066916482 0.1590154427207214 0.15682763120639953 0.0 0.0 0.0 0.0 1.0 0.0 0.0 0.9918950427434934 0.0 1.0 1.0 0.8755365723584131 0.0 0.0 0.7320684499205276 0.9480790342613084 1.0 0.7607953336282659 0.0 0.8260964513174212 1.0 0.8260964513174212 0.8260964513174212 1.0 0.7937666610872927 0.0 0.7560194248845761 0.8260964513174212 0.8260964513174212 0.0
