dataset,fit_time_sec,labels,probabilities
type1diabetes,0.0,1 0 1 1 0 1 1 -1 1 0 -1 1 0 0 -1 1 -1 0 1 1 1 1 1 0 1 1 1 1 1 1 1 1 1 1 1 0 1 1 1 1 1 0 1 1 1 1 1 -1 1 1 1 1 1 1 1 1 1 -1 1 -1 1 -1 -1 1 -1 0 1,0.5677039943334822 0.9721212839625906 0.9707707331982711 0.6879384477747869 0.9175307515081451 1.0 0.7380936978333648 0.0 0.7274891053032797 0.8876490131361399 0.0 1.0 1.0 1.0 0.0 0.6796556794710111 0.0 1.0 0.9375336167635127 0.7935418581414504 0.9862607516733303 0.618269381972222 0.7938580132239028 1.0 1.0 0.9862607516733303 0.8689330169466106 0.9071271948288766 0.7161669551768383 0.8638899595194199 0.9862607516733303 0.7771146725305733 1.0 0.8298290584944477 0.6409881015089208 1.0 0.6772294534811572 0.6770959864552486 0.7712335159767033 0.6310008437951112 0.6796556794710111 0.9932580492362462 0.7094080716109931 1.0 0.9898230899065285 0.9071271948288766 0.7042824274936309 0.0 0.6118635605611293 0.7761655840819746 0.7178436976509237 0.6374366201897337 0.8603098466276226 0.8297112851502993 0.78059922723837 1.0 0.879942358817039 0.0 0.7548553702778075 0.0 0.6337183852283904 0.0 0.0 0.5851586036391347 0.0 1.0 0.8570172196485841
