dataset,fit_time_sec,labels,probabilities
type1diabetes,0.8670001029968262,-1 -1 0 0 -1 0 0 -1 -1 -1 -1 0 1 1 -1 -1 -1 1 0 0 0 0 0 1 0 0 0 0 -1 0 0 0 0 0 0 1 -1 0 0 0 -1 -1 0 0 0 0 0 -1 0 -1 0 0 0 0 0 0 0 -1 0 -1 0 -1 -1 0 -1 1 0,0.0 0.0 0.8978847901932391 0.6753883204773403 0.0 0.9071464039068272 0.7736567567599593 0.0 0.0 0.0 0.0 1.0 1.0 1.0 0.0 0.0 0.0 1.0 0.8821270920834053 0.8165087976748823 0.9516570752285812 0.6565200330927695 0.744977141359338 1.0 1.0 0.9516570752285812 0.844381870102232 0.9516570752285812 0.0 0.8842272079741825 0.8552847213129787 0.7664538619603901 1.0 0.8610824693783296 0.6706302738416821 1.0 0.0 0.7039635035322552 0.7981443025415146 0.6646136591239636 0.0 0.0 0.7500189839973215 1.0 1.0 0.7645387796216694 0.7438909214167077 0.0 0.6080770802751855 0.0 0.732968709152114 0.6743140275062862 0.7840273073926329 0.833178124573805 0.8471785551043699 1.0 0.9516570752285812 0.0 0.7962518812013948 0.0 0.6953658728954027 0.0 0.0 0.7421159883503099 0.0 1.0 0.8913763290523055
