dataset,fit_time_sec,labels,probabilities
neuroblastoma,0.002776799999992363,4 4 5 4 0 0 4 4 0 5 4 4 6 5 0 -1 5 5 0 4 4 -1 4 5 0 0 6 5 4 -1 0 -1 -1 6 5 4 5 4 5 4 6 -1 6 5 5 5 4 0 6 5 -1 4 5 0 -1 -1 5 -1 5 4 5 5 6 5 4 4 6 6 -1 4 5 5 5 6 4 2 2 2 2 2 2 2 2 2 -1 2 -1 2 2 2 2 2 2 2 -1 2 -1 -1 2 2 2 -1 2 0 -1 2 -1 2 2 2 2 3 3 -1 -1 -1 -1 -1 -1 3 3 3 3 -1 3 -1 -1 3 2 -1 2 -1 -1 -1 -1 -1 2 5 5 -1 -1 -1 -1 1 -1 -1 3 -1 1 1 1 -1 -1 1 1 1 1 -1 1 1 1 1 1 1 -1 1 1 1 -1,0.7635893495460822 1.0 1.0 0.7596440791930805 1.0 0.7395231160604927 1.0 0.9164188917279393 1.0 0.16368060649335792 1.0 1.0 1.0 0.1764705882352942 0.7737713340004767 0.0 0.16368060649335792 0.1500811596708938 0.8850002145056919 0.7635893495460822 1.0 0.0 0.7576139170170536 0.1500811596708938 1.0 1.0 0.9391259908565489 0.136786532403159 0.7850928694988375 0.0 1.0 0.0 0.0 1.0 0.4000000000000001 0.7576139170170536 0.15003423056320933 0.9169147334322958 0.14272491664258355 0.9169147334322958 1.0 0.0 0.8343729830739746 0.16368060649335792 0.6666666666666669 0.136786532403159 1.0 1.0 1.0 0.75 0.0 0.7576139170170536 1.0 1.0 0.0 0.0 0.1500811596708938 0.0 1.0 0.9911874291591667 0.136786532403159 0.16368060649335792 1.0 1.0 0.9169147334322958 0.7635893495460822 0.9426361639712576 0.9254674838098608 0.0 0.8303148357716356 1.0 1.0 0.1500811596708938 1.0 0.9169147334322958 0.9938106173337167 1.0 1.0 1.0 0.9899032268433604 1.0 1.0 1.0 1.0 0.0 1.0 0.0 1.0 1.0 1.0 1.0 1.0 1.0 1.0 0.0 1.0 0.0 0.0 1.0 1.0 1.0 0.0 1.0 0.6777341796815123 0.0 1.0 0.0 1.0 1.0 1.0 1.0 1.0 1.0 0.0 0.0 0.0 0.0 0.0 0.0 1.0 0.9935794488094625 1.0 1.0 0.0 1.0 0.0 0.0 0.9935794488094625 0.9772273685803331 0.0 0.9772273685803331 0.0 0.0 0.0 0.0 0.0 0.9676896066916482 0.15901544272072088 0.15682763120639898 0.0 0.0 0.0 0.0 1.0 0.0 0.0 0.9918950427434932 0.0 1.0 1.0 0.8755365723584133 0.0 0.0 0.7320684499205278 0.9480790342613089 1.0 0.7607953336282659 0.0 0.8260964513174216 1.0 0.8260964513174216 0.8260964513174216 1.0 0.7937666610872927 0.0 0.7560194248845761 0.8260964513174216 0.8260964513174216 0.0
