dataset,fit_time_sec,labels,probabilities
type1diabetes,0.0028046000079484656,0 1 0 0 1 0 0 -1 0 1 -1 0 1 1 -1 0 -1 1 0 0 0 0 0 1 0 0 0 0 0 0 0 0 0 0 0 1 0 0 0 0 0 1 0 0 0 0 0 -1 0 0 0 0 0 0 0 0 0 -1 0 -1 0 -1 -1 0 -1 1 0,0.5677039943334822 0.9721212839625908 0.970770733198271 0.6879384477747866 0.9175307515081451 1.0 0.7380936978333646 0.0 0.7274891053032794 0.8876490131361403 0.0 1.0 1.0 1.0 0.0 0.679655679471011 0.0 1.0 0.9375336167635119 0.7935418581414502 0.98626075167333 0.6182693819722219 0.7938580132239026 1.0 1.0 0.98626075167333 0.8689330169466102 0.9071271948288756 0.7161669551768379 0.8638899595194195 0.98626075167333 0.7771146725305731 1.0 0.8298290584944477 0.6409881015089205 1.0 0.6772294534811573 0.6770959864552484 0.7712335159767032 0.6310008437951109 0.679655679471011 0.9932580492362466 0.709408071610993 1.0 0.9898230899065283 0.9071271948288756 0.7042824274936305 0.0 0.6118635605611289 0.7761655840819743 0.7178436976509232 0.6374366201897335 0.8603098466276222 0.829711285150299 0.7805992272383697 1.0 0.8799423588170388 0.0 0.7548553702778075 0.0 0.6337183852283904 0.0 0.0 0.5851586036391345 0.0 1.0 0.8570172196485837
