dataset,fit_time_sec,labels,probabilities
neuroblastoma,0.04500007629394531,1 1 1 1 0 0 1 1 0 1 1 1 1 1 0 1 1 1 0 1 1 1 1 1 0 0 1 1 1 1 0 -1 1 1 1 1 1 1 1 1 1 1 1 1 1 1 1 0 1 1 1 1 1 0 1 1 1 -1 1 1 1 1 1 1 1 1 1 1 1 1 1 1 1 1 1 1 1 1 1 1 1 1 1 1 1 1 1 1 1 1 1 1 1 1 1 1 -1 1 1 1 1 1 1 0 -1 1 1 1 1 1 1 1 1 1 1 1 1 1 1 1 1 1 1 1 1 1 -1 1 1 1 1 1 -1 -1 1 1 1 1 1 1 1 -1 1 1 1 1 1 1 1 1 1 1 1 1 1 1 1 1 1 1 1 1 1 1 1 1 1 1 1,1.0 1.0 1.0 1.0 1.0 1.0 1.0 1.0 1.0 1.0 1.0 1.0 1.0 1.0 1.0 1.0 1.0 1.0 1.0 1.0 1.0 1.0 1.0 1.0 1.0 1.0 1.0 0.9821921171440908 1.0 0.9979974261509162 1.0 0.0 1.0 1.0 1.0 1.0 1.0 1.0 1.0 1.0 1.0 0.7398220086517286 1.0 1.0 1.0 1.0 1.0 1.0 1.0 1.0 1.0 1.0 1.0 1.0 0.9525352249758093 1.0 1.0 0.0 1.0 1.0 1.0 1.0 1.0 1.0 1.0 1.0 1.0 1.0 0.8905574094070817 1.0 1.0 1.0 1.0 1.0 1.0 1.0 1.0 1.0 1.0 1.0 1.0 1.0 1.0 1.0 0.9315949778102025 1.0 0.8963726364696222 1.0 1.0 1.0 1.0 1.0 1.0 1.0 0.8601602358677116 1.0 0.0 0.9712445427581472 1.0 1.0 1.0 0.8468946646397381 1.0 0.9279432915713907 0.0 1.0 0.8324162827400275 0.9397146775387887 1.0 1.0 1.0 1.0 0.927809265357926 1.0 0.936076621213202 0.9270945253902843 1.0 1.0 0.8579549029532777 1.0 1.0 1.0 1.0 1.0 1.0 0.9570238076595017 0.0 1.0 1.0 0.853358086016068 1.0 0.9267019818021132 0.0 0.0 0.7572035532201831 0.8207982006601771 0.9634799282590919 1.0 1.0 0.9329236305226534 0.7450643676696392 0.0 0.8527672583618315 1.0 0.8388577153936647 0.7559068465694421 1.0 0.8614574282526459 1.0 1.0 1.0 0.8153404727175153 0.8491042307668454 0.9396612652285254 1.0 1.0 0.876505766957264 0.8857229770784215 1.0 1.0 1.0 0.9396612652285254 1.0 0.9029985549406034 0.9379659928228218 0.8315641303907844 1.0 1.0 0.9525352249758093
